{"training loss": 0.7104682922363281, "learning rate": 1.4962867340937005e-08, "epoch": 2, "_timestamp": 1686386841.8604288, "_runtime": 83.72980785369873, "_step": 917, "_wandb": {"runtime": 83}}