{"training loss": 0.08102120459079742, "learning rate": 5.871221121697494e-07, "epoch": 2, "_timestamp": 1686386504.4488673, "_runtime": 25.649014234542847, "_step": 113, "_wandb": {"runtime": 24}}