{"training loss": 0.7747802734375, "learning rate": 1.4962867340937005e-08, "epoch": 2, "_timestamp": 1686385902.4369013, "_runtime": 83.94249439239502, "_step": 917, "_wandb": {"runtime": 83}}