{"training loss": 0.23526254296302795, "learning rate": 5.871221121697494e-07, "epoch": 2, "_timestamp": 1686385558.1650147, "_runtime": 49.799548625946045, "_step": 113, "_wandb": {"runtime": 48}}