{"training loss": 0.6813271045684814, "learning rate": 2.3295879039856727e-06, "epoch": 2, "_timestamp": 1686386702.9329307, "_runtime": 22.72214365005493, "_step": 56, "_wandb": {"runtime": 21}}